name,id
ONNUT_SB_0_0_LSXX,D824116560#3_0
ONNUT_SB_0_1_XSXX,D824116560#3_1
ONNUT_SB_0_2_XSXX,D824116560#3_2
ONNUT_SB_0_3_XSXX,D824116560#3_3
ONNUT_SB_1_0_LSXX,D824116560#2_0
ONNUT_SB_1_1_XSXX,D824116560#2_1
ONNUT_SB_1_2_XSXX,D824116560#2_2
ONNUT_SB_1_3_XSXX,D824116560#2_3
ONNUT_SB_2_0_LSXX,D824116560#1_0
ONNUT_SB_2_1_XSXX,D824116560#1_1
ONNUT_SB_2_2_XSXX,D824116560#1_2
ONNUT_SB_2_3_XSXX,D824116560#1_3
ONNUT_SB_3_0_LSXX,D824116560#0_0
ONNUT_SB_3_1_XSXX,D824116560#0_1
ONNUT_SB_3_2_XSXX,D824116560#0_2
ONNUT_SB_3_3_XSXX,D824116560#0_3
ONNUT_SB_4_0_XSXX,D824816455_0
ONNUT_SB_4_1_XSXX,D824816455_1
ONNUT_SB_4_2_XSXX,D824816455_2
ONNUT_WB_0_0_LSXX,D156591171#2_0
ONNUT_WB_0_1_XSXX,D156591171#2_1
ONNUT_WB_0_2_XSRX,D156591171#2_2
ONNUT_WB_1_0_XSXX,D156591171#0_0
ONNUT_WB_1_1_XSXX,D156591171#0_1
ONNUT_WB_1_2_XSRT,D156591171#0_2
ONNUT_WB_2_0_XSXX,D-824456409#0_0
ONNUT_WB_2_1_XSRT,D-824456409#0_1
ONNUT_WB_3_0_XSXX,D-824456409#4_0
ONNUT_WB_3_1_XSRT,D-824456409#4_1
ONNUT_WB_4_0_XSXX,D-824456409#5_0
ONNUT_WB_4_1_XSRT,D-824456409#5_1
ONNUT_WB_5_0_LSXX,D-113135397#0_0
ONNUT_WB_5_1_XSXX,D-113135397#0_1
PHRAKHANONG_EB_1_0_LSXX,D336620983#5_0
PHRAKHANONG_EB_1_1_XSXX,D336620983#5_1
PHRAKHANONG_EB_1_2_XSXX,D336620983#5_2
SUKHUMVIT71_SB_4_0_LSXX,D156591249#1_0
SUKHUMVIT71_SB_4_1_XSXX,D156591249#1_1
SUKHUMVIT71_SB_5_0_XSXX,D156591249#0.2206_0
SUKHUMVIT71_SB_5_1_XSXX,D156591249#0.2206_1
ONNUT_SB_8_0_XSXX,D300825126#0_0
ONNUT_SB_8_1_XSXX,D300825126#0_1
ONNUT_SB_8_2_XSXX,D300825126#0_2
ONNUT_SB_7_0_XSXX,D300825126#0-AddedOffRampEdge_0
ONNUT_SB_7_1_XSXX,D300825126#0-AddedOffRampEdge_1
ONNUT_SB_7_2_XSXX,D300825126#0-AddedOffRampEdge_2
ONNUT_SB_6_0_XSXX,D824116561_0
ONNUT_SB_6_1_XSXX,D824116561_1
ONNUT_SB_6_2_XSXX,D824116561_2
ONNUT_SB_5_0_XSXX,D824116561-AddedOffRampEdge_0
ONNUT_SB_5_1_XSXX,D824116561-AddedOffRampEdge_1
ONNUT_SB_5_2_XSXX,D824116561-AddedOffRampEdge_2
PHRAKHANONG_EB_3_0_XSXX,D336620983#0_0
PHRAKHANONG_EB_3_1_XSXX,D336620983#0_1
PHRAKHANONG_EB_3_2_XSXX,D336620983#0_2
PHRAKHANONG_EB_1_0_LSXX,D336620983#5_0
PHRAKHANONG_EB_1_1_XSXX,D336620983#5_1
PHRAKHANONG_EB_1_2_XSXX,D336620983#5_2
PHRAKHANONG_EB_0_0_XSXX,D336620983#7_0
PHRAKHANONG_EB_0_1_XSXX,D336620983#7_1
PHRAKHANONG_EB_0_2_XSXX,D336620983#7_2
SUKHUMVIT71_WB_0_0_XSXX,D824816458#0_0
SUKHUMVIT71_WB_0_1_XSXX,D824816458#0_1
SUKHUMVIT71_WB_0_2_XSXX,D824816458#0_2
